id,synthesizer,persona,question,reference_answer,judge_answerability,judge_faithfulness,judge_answer_relevance,judge_question_specificity,sme_answerability_0_1,sme_faithfulness_0_5_1,sme_answer_correct_0_5_1,sme_notes
c_001129,multi_hop_abstract,tier1_developer,"How does the ModeSwitch request to IPDU_DEACTIVATED in Context 1 affect the transmission behavior of AT_200_Ipdu, and how does this compare to the effect of the same ModeSwitch request on AT_225_Ipdu in Context 2?","In both Context 1 and Context 2, the ModeSwitch request to IPDU_DEACTIVATED results in the cessation of IPDU transmission. Specifically, in Context 1, the AT_200_Ipdu is not sent out after the ModeSwitch request to IPDU_DEACTIVATED. Similarly, in Context 2, the AT_225_Ipdu is not sent out after the ModeSwitch request to IPDU_DEACTIVATED.",1,1,1,1,,,,
c_002906,multi_hop_abstract,functional_safety_engineer,"How does the use of End-2-End Profiles in AUTOSAR, as specified in the standard, impact the consideration of additional fault models and the responsibility of the user in ensuring safe communication, particularly in the context of runtime overheads and data actuality?","The use of End-2-End Profiles in AUTOSAR impacts the consideration of additional fault models and the user's responsibility in ensuring safe communication. While End-2-End Profiles provide mechanisms like CRC checksums, sequence counters, and timeout detection, they do not cover all potential faults, such as RTE errors in data conversion, filtering, and client-server communication. Users must evaluate these additional fault models and demonstrate that the selected profile provides sufficient error detection capabilities. Additionally, using End-2-End protection for all Software Component communications may introduce significant runtime overheads, and the profiles do not guarantee data actuality, as they lack time stamps in the control data.",1,1,1,1,,,,
c_002745,multi_hop_abstract,autosar_integrator,"How does the error reporting mechanism from the EEPROM Driver to the EEPROM Abstraction, as described in the AUTOSAR standard, influence the way the Memory Abstraction Interface polls for errors when the stack is configured in polling mode?","The EEPROM Driver reports errors to the EEPROM Abstraction using either the function Eep_GetJobResult (setting the job result to MEMIF_JOB_FAILED) or the callback function Fee_JobErrorNotification. When the stack is configured in polling mode, the Memory Abstraction Interface polls for these errors using the function MemIf_GetJobResult, which also sets the job result to MEMIF_JOB_FAILED. This ensures consistent error reporting across the layers of the AUTOSAR stack.",1,1,1,1,,,,
c_000865,multi_hop_abstract,application_sw_engineer,"Given the requirement that the dynamic length signal must be placed last in the I-PDU, how does this constraint affect the order in which signals are written to the bus during the communication process described in the acceptance test specification?","In the communication process described in the acceptance test specification, the dynamic length signal must be placed last in the I-PDU according to the requirement. Therefore, when writing signals to the bus, all other signals and update-bits must be packed before the dynamic length signal. This ensures that the receiving COM module can directly derive the length of the dynamic length signal from the length of the I-PDU.",1,1,1,1,,,,
c_000742,multi_hop_abstract,autosar_integrator,"How does the execution behavior of a transformer chain when no input data are available, as specified by the 'executeDespiteDataUnavailability' attribute, influence the handling of the 'buffer' parameter in the transformer interface described in the general specification?","If the 'executeDespiteDataUnavailability' attribute is set to true, the transformer chain will still be executed even if no input data are available. In this case, the RTE will pass a NULL pointer as the 'buffer' parameter to the transformer. The transformer must handle this NULL pointer appropriately, as it indicates the absence of input data.",1,1,1,1,,,,
c_001273,multi_hop_abstract,tier1_developer,"How does the Crypto Interface (CRYIF) manage the forwarding of asynchronous job requests from the CSM to the CRYPTO modules, and what role do the CSM queues play in this process when the CRYPTO module is busy?","The Crypto Interface (CRYIF) manages the forwarding of asynchronous job requests from the CSM to the CRYPTO modules by receiving requests from the CSM and mapping them to the appropriate cryptographic operation in the CRYPTO. When the CRYPTO module is busy and rejects a CSM service request, the job is placed into the appropriate CSM queue based on its priority. During the cyclic execution of Csm_MainFunction(), the CSM processes the jobs from its queues and passes them to the CRYIF, which then forwards the jobs to the particular CRYPTO module.",1,1,1,1,,,,
c_002509,multi_hop_abstract,tier1_developer,How does the local event cache mechanism described in the binding implementation interact with the on-change-notification feature provided by the ara::com API when updating field values?,"When a service implementer updates a field value using the Update method, the binding implementation makes a serialized copy of the data. If on-change-notification is configured for the field, the binding implementation triggers notifications to all subscribed entities. These notifications are sent to the local event caches of the respective ara::com proxies, ensuring that the cached data is updated to reflect the new field value.",1,1,1,1,,,,
c_001362,multi_hop_abstract,tier1_developer,"Given the requirement that the CAN Driver SHALL fulfill the general requirements for Basic Software Modules as specified in AUTOSAR_SRS_SPAL, how does the use of the term 'SHALL' in the conventions of AUTOSAR documents impact the implementation of these general requirements in the CAN Driver?","The use of the term 'SHALL' in the conventions of AUTOSAR documents indicates that the requirement is an absolute requirement of the specification. Therefore, the CAN Driver must strictly adhere to the general requirements for Basic Software Modules as specified in AUTOSAR_SRS_SPAL, without any deviations or optional interpretations.",1,1,1,1,,,,
c_001996,multi_hop_abstract,tier1_developer,"How does the classification of production errors as defined in AUTOSAR CP Release 4.4.0 interact with the criteria for extended production errors, particularly in the context of hardware problems and misbehavior of the embedding environment?","Production errors, as defined in AUTOSAR CP Release 4.4.0, are reported when the software operates correctly but the system does not, and they are typically associated with standardized diagnostics trouble codes. Extended production errors, on the other hand, are reported for issues such as hardware problems of the ECU or misbehavior of the embedding environment, provided these issues do not meet the criteria for production errors, such as OBD relevance or direct repair actions. Both types of errors are part of the regular operation of the software and are not related to software bugs or misbehavior. The classification of a particular error as either a production error or an extended production error can be configured, and this classification affects the reactions within the Dem module.",1,1,0.95,1,,,,
c_002893,multi_hop_abstract,autosar_integrator,How does the configuration of GlobalTimeTxPdelayReqPeriod in the Time Master and Time Slaves affect the behavior of Pdelay_Resp and Pdelay_Resp_Follow_Up messages when GlobalTimePdelayRespEnable is set to FALSE?,"If GlobalTimeTxPdelayReqPeriod is set to 0 in both the Time Master and Time Slaves, no Pdelay_Req messages are expected. When GlobalTimePdelayRespEnable is set to FALSE, Pdelay_Resp and Pdelay_Resp_Follow_Up messages are disabled, as there are no Pdelay_Req messages to respond to.",1,1,0.85,1,,,,
c_002917,multi_hop_abstract,autosar_integrator,How does the choice of CLIENT_MODE in the client software component template influence the behavior of Synchronous Server CallPoints such as WriteBlock and ReadBlock in the NV Data Handling Guideline?,"When the CLIENT_MODE is set to 'synchronous' in the client software component template, the operations invoked by Synchronous Server CallPoints, such as WriteBlock and ReadBlock in the NV Data Handling Guideline, block the runnable until a response is received from the server. This ensures that the client waits for the completion of the operation before proceeding.",1,1,1,1,,,,
c_002810,multi_hop_abstract,application_sw_engineer,"How do the security requirements for data transmission integrity and freshness specified in the security transformer relate to the mechanisms provided by E2E Profile 2, particularly the use of sequence numbers and CRC calculations?","The security transformer's requirement to ensure the integrity and freshness of data transmissions aligns with the mechanisms provided by E2E Profile 2. Specifically, the sequence number (counter) in E2E Profile 2 increments with each transmission, preventing replay attacks and ensuring message freshness. Additionally, the CRC calculation, which includes the message key (Data ID), ensures data integrity by detecting any unauthorized modifications during transmission.",1,1,1,1,,,,
c_001282,multi_hop_abstract,application_sw_engineer,"Given the requirement for deterministic behavior in processes as described in the Adaptive Platform interfaces guidelines, what implications does this have for the design of service interfaces in parallel processing, particularly regarding interface granularity and communication overhead?","To ensure deterministic behavior in processes, service interfaces in parallel processing should be designed with coarse granularity to minimize communication overhead. Fine-grained interfaces increase the frequency of communication between client and server, which can introduce non-determinism due to uncoordinated data access and race conditions. Coarse-grained interfaces, on the other hand, reduce the number of interactions and thus lower the risk of non-deterministic behavior.",1,1,1,1,,,,
c_000664,multi_hop_abstract,application_sw_engineer,"How does the requirement for the target of an ApmcForeignReferenceValue to exist within the M2 model scope contrast with the flexibility provided by ApmcUriForeignReferenceValue, where the target does not need to exist in the current model scope?","ApmcForeignReferenceValue requires the target model element to exist within the M2 model scope, ensuring that the referenced element is present and resolvable. In contrast, ApmcUriForeignReferenceValue allows references to model elements that do not necessarily exist in the current model scope, providing flexibility by treating the existence of the reference itself as an identifying characteristic of the ApmcContainerValue that owns it.",1,1,1,1,,,,
c_000898,multi_hop_abstract,tier1_developer,How does the IPv6 Endpoint Option used in Offer Service entries influence the client's subscription process for eventgroups in the SOME/IP-SD protocol?,"The IPv6 Endpoint Option in Offer Service entries provides the server's endpoint details, including the IP address and port numbers for both TCP and UDP. This information is crucial for clients to establish subscriptions, as they use these endpoints to send Subscribe Eventgroup entries to the server, thereby enabling the server to push notifications and events to the clients.",1,1,1,1,,,,
c_000951,multi_hop_abstract,autosar_integrator,"How does the detection and reporting of the NVM_E_REQ_FAILED error in the NVRAM Manager, as described in the AUTOSAR CP Release 4.4.0, interact with the recovery mechanisms and their failure reporting when a loss of redundancy is detected?","The detection of the NVM_E_REQ_FAILED error in the NVRAM Manager involves either polling the job result MEMIF_JOB_FAILED using MemIf_GetJobResult or receiving a notification via the callback NvM_JobErrorNotification. When a loss of redundancy is detected, the job result is set to NVM_REQ_REDUNDANCY_FAILED, and the error NVM_E_LOSS_OF_REDUNDANCY is reported to the DEM. If the recovery mechanisms, which include reading redundant blocks and ROM blocks, fail, the error NVM_E_REQ_FAILED is reported to the DEM. In both cases, the error can be polled by the user using NvM_GetErrorStatus, and the error is also reported to the user via configurable callbacks SingleBlockCallbackFunction or MultiBlockCallbackFunction.",1,1,0.95,1,,,,
c_002191,multi_hop_abstract,autosar_integrator,How do the error reporting mechanisms for EEPROM write failures and EEPROM erase failures differ in terms of the specific error codes used and the methods by which the errors are communicated to the EEPROM Abstraction layer?,"For EEPROM write failures, the error is reported to the DEM with the error code EEP_E_WRITE_FAILED, while for EEPROM erase failures, the error is reported with the error code EEP_E_ERASE_FAILED. In both cases, the error is communicated to the EEPROM Abstraction layer either by polling with the function Eep_GetJobResult (job result set to MEMIF_JOB_FAILED) or by the callback function Fee_JobErrorNotification.",1,1,1,1,,,,
c_000172,multi_hop_specific,application_sw_engineer,How does the presence of a ROM Block in an NVRAM Block influence the behavior of the NvM module during the startup phase (NvM_ReadAll) when the RAM Block's CRC does not match the stored CRC value?,"When the RAM Block's CRC does not match the stored CRC value during the startup phase (NvM_ReadAll), the NvM module will overwrite the RAM Block with data read from the NV Block. If this read attempt fails, the NvM module will use default data from the ROM Block, if configured via the parameter NvMRomBlockDataAddress.",1,1,1,1,,,,
c_001374,multi_hop_specific,tier1_developer,"Given the requirement that at least parts of SW-Cs must be recompiled after the contract phase to ensure type consistency, how does this affect the integrator's decision when specifying the technical transport binding and instance IDs for multiple instantiations of the same SoftwareComponentType within a single executable?","The requirement to recompile parts of SW-Cs after the contract phase to ensure type consistency impacts the integrator's decision by necessitating careful consideration of the technical transport binding and instance IDs for each instantiation of the same SoftwareComponentType within a single executable. The integrator must define appropriate types and provide the necessary header files to ensure consistency across all instantiations, while also specifying unique instance IDs and transport bindings that reflect the specific context of each instantiation, such as nested or top-level components.",1,1,1,1,,,,
c_001877,multi_hop_specific,tier1_developer,"How does the E2E_P02Protect() function's process of updating the Counter and calculating the CRC, as specified in E2E Profile 2, ensure the detection of masquerade and incorrect addressing faults as described in the E2E mechanisms?","The E2E_P02Protect() function updates the Counter and calculates the CRC over the data buffer extended with the Data ID. The Counter ensures the detection of repetition, loss, insertion, and incorrect sequence faults. The Data ID, which is linked to the Counter value, along with the CRC, ensures the detection of masquerade and incorrect addressing faults by verifying the integrity and origin of the data. The unique Data ID list and the CRC computation provide a mechanism to detect corruption and asymmetric information, thus ensuring the reliability of the communication.",1,1,0.95,1,,,,
c_001358,multi_hop_specific,tier1_developer,"How does the concept of a 'Request/Response communication' in the Service Discovery Protocol Specification relate to the handling of method call cancellations in the binding implementer hint, particularly in the context of the SOME/IP protocol?","Request/Response communication in the Service Discovery Protocol Specification involves a client sending a request to a server, which then responds with the results of the method invocation. In the context of the binding implementer hint, if a client cancels a method call by destroying the ara::core::Future object, the binding implementer can choose to propagate this cancellation to the service side. However, since the SOME/IP protocol does not provide a mechanism to propagate such cancellations, the method result cannot be discarded on the service side, and the full request/response cycle must still be completed.",1,1,0.95,1,,,,
c_001992,multi_hop_specific,tier1_developer,"How does the event-driven processing mode described in the ara::com API affect the rate of context switches to the OS process containing the service instance, and how does this compare to the polling approach in terms of managing service method calls?","In the event-driven processing mode, the rate of context switches to the OS process containing the service instance can be high and non-deterministic, which may decrease overall throughput. In contrast, the polling approach allows the application developer to explicitly manage the processing of call events, typically during a low jitter cyclical alarm, reducing the number of context switches and providing more deterministic control over the processing of service method calls.",1,1,1,1,,,,
c_002395,multi_hop_specific,functional_safety_engineer,"How does the requirement for managing Rx IPdu deadline timeout without notification (ATS_COMINDEP_00105) affect the behavior of the SUT when the Rx IPdu 3 is stopped being sent, as described in the acceptance test specification for communication via bus?","When the Rx IPdu 3 is stopped being sent, the SUT must not notify the SWC that the deadline timeout has occurred, as per the requirement ATS_COMINDEP_00105. Instead, the value of the Signal 2 must be replaced by its initial value, ensuring that the system continues to operate without explicit notification of the timeout.",1,1,1,1,,,,
c_000160,multi_hop_specific,tier1_developer,"How does the use of End-2-End Profiles in AUTOSAR, specifically the timeout detection mechanism, ensure compliance with the requirement RS_BRF_00113 for detecting signal time-outs in periodic signals?","The End-2-End Profiles in AUTOSAR include a timeout detection mechanism, which ensures that periodic signals are exchanged within a defined time interval. If a message is not received within this interval, it is considered a timeout, and this can be used to detect errors in the communication system, such as the loss of messages. This mechanism aligns with the requirement RS_BRF_00113, which mandates that AUTOSAR must provide a way to detect if periodic signals are not exchanged within a specified time frame.",1,1,1,1,,,,
c_002367,multi_hop_specific,application_sw_engineer,How does the Time Master's method of sending the 'second' and 'nanosecond' parts of the Offset Time Base value via the OfsTimeSec and OfsTimeNSec elements influence the Time Slave's calculation of the Offset Time Base?,"The Time Master sends the 'second' part of the Offset Time Base value via the OfsTimeSec element and the 'nanosecond' part via the OfsTimeNSec element. The Time Slave then calculates the Offset Time Base using these specific elements, ensuring that both the seconds and nanoseconds are accurately synchronized between the Time Master and the Time Slave.",1,1,1,1,,,,
c_000284,multi_hop_specific,application_sw_engineer,"Given the requirement to provide an initial value for a SINT16 signal if it has never been received (as specified in Context 1), what would be the expected behavior when an SWC reads the value of a SINT16 signal that has never been transmitted to the SUT, as described in the test steps of Context 2?","The expected behavior is that the SWC will receive the initial value configured for the SINT16 signal, as the signal has never been transmitted to the SUT. This aligns with the requirement specified in Context 1, which mandates providing a SINT16 initial value if the Rx signal was never received.",1,1,1,1,,,,
c_002340,multi_hop_specific,application_sw_engineer,"How does the role of the FolwCtrlAndAArbn SW-Component in arbitrating between follow control and free cruise control, as described in the AUTOSAR CP Release 4.4.0, align with the functional decomposition of the CrsCtrlAndAcc SW-Composition?","The FolwCtrlAndAArbn SW-Component, as part of the CrsCtrlAndAcc SW-Composition, is responsible for calculating the target control value of vehicle acceleration based on ACC-relevant objects and arbitrating between the target acceleration values from the follow control and free cruise control functionalities. This aligns with the functional decomposition of the CrsCtrlAndAcc SW-Composition, where the FolwCtrlAndAArbn component is specifically tasked with these roles to ensure coherent and safe vehicle control.",1,1,1,1,,,,
c_002672,multi_hop_specific,autosar_integrator,"How does the counter reset mechanism in E2E Profile 2, as described in the E2E_P02Protect() function, compare with the counter reset mechanism in E2E Profile 22, particularly in terms of their initialization and increment behavior?","In both E2E Profile 2 and E2E Profile 22, the counter is initialized to 0 and incremented by 1 for each transmission request. When the counter reaches its maximum value of 15 (0x0F), it resets to 0 for the next transmission request. This behavior ensures that the counter cycles through the same range of values in both profiles.",1,1,0.85,1,,,,
c_002381,multi_hop_specific,application_sw_engineer,How does the return value of Rte_Read for managing Rx signal group deadline timeout with action REPLACE (as described in ATS_COMINDEP_00101) differ from the return value of Rte_Read when managing Rx IPdu deadline timeout without notification (as described in ATS_COMINDEP_00105)?,"In the context of managing Rx signal group deadline timeout with action REPLACE (ATS_COMINDEP_00101), the return value of Rte_Read for AT_100_Sg3 and AT_100_Sg4 is RTE_E_MAX_AGE_EXCEEDED. In the context of managing Rx IPdu deadline timeout without notification (ATS_COMINDEP_00105), the return value of Rte_Read is also RTE_E_MAX_AGE_EXCEEDED. Therefore, the return values in both scenarios are the same.",1,1,1,1,,,,
c_000778,multi_hop_specific,functional_safety_engineer,How does the error reporting mechanism described in the EEPROM driver (Context 1) interact with the error polling mechanism specified in the Memory Abstraction Interface (Context 2) when the stack is configured in polling mode?,"When the stack is configured in polling mode, the EEPROM driver reports an error to the EEPROM Abstraction, which then polls the error using the function Eep_GetJobResult (job result set to MEMIF_JOB_FAILED). Subsequently, the Memory Abstraction Interface, upon receiving the error from the EEPROM Abstraction, polls the error using the function MemIf_GetJobResult (job result set to MEMIF_JOB_FAILED).",1,1,1,1,,,,
c_001569,multi_hop_specific,tier1_developer,"In the context of the FlexRay bus communication described, what specific actions must be taken to ensure that the AT_230_Ipdu is sent only once when the AT_230_SgGr1 signal group is updated to Value_1, as required by the test steps and pass criteria?","To ensure that the AT_230_Ipdu is sent only once when the AT_230_SgGr1 signal group is updated to Value_1, the following actions must be taken: First, request a ModeSwitch to IPDU_ACTIVATED for the AT_230_IpduGroup, which starts the Ipdu group but does not send the I-PDU. Second, update the signals within the AT_230_SgGr1 group to their respective Value_1 values and call the Rte_Write() function for the AT_230_SgGr1 port. This triggers the sending of the AT_230_Ipdu exactly once with the updated signal values.",1,1,1,1,,,,
c_001331,multi_hop_specific,tier1_developer,"Given the constraints on the use of ARA interfaces and the requirement for deterministic behavior in worker pool runnables as described in the Adaptive Platform interfaces guidelines, how should the service interface granularity be designed to minimize communication overhead while ensuring data determinism in a parallel processing environment?","To minimize communication overhead while ensuring data determinism in a parallel processing environment, the service interface granularity should be designed to be coarse-grained, particularly for interfaces with high usage frequency. This approach reduces the number of API calls and the associated communication overhead. Additionally, the service interface can cache server-side data for client-local processing, but this must be done carefully to avoid introducing non-determinism. The worker pool runnables must not exchange information while running and should avoid locks and synchronization points to ensure data determinism and prevent race conditions.",1,1,0.95,1,,,,
c_001121,multi_hop_specific,tier1_developer,"How does the BSW Scheduler (SchM) ensure that inter-partition communication can occur during the startup phase when the RTE may not be available, and what specific functions are used for sending and receiving data in this scenario?","The BSW Scheduler (SchM) ensures that inter-partition communication can occur during the startup phase by using the Inter-OS-Application Communicator (IOC) functions IocSend and IocReceive. These functions, specifically IocSend_<Id> and IocReceive_<Id>, are used to send and receive data across partition boundaries, respectively, when other RTE mechanisms may not be available.",1,1,1,1,,,,
c_002882,multi_hop_specific,autosar_integrator,"Given that the automotive network is static and does not require dynamic mechanisms like the Best Master Clock Algorithm (BMCA) for determining the Global Time Master, what is the implication for the periodic transmission of Pdelay_Req messages by Time Masters and Time Slaves as specified in the AUTOSAR Time Synchronization Protocol?","In the AUTOSAR Time Synchronization Protocol, the static nature of the automotive network means that the Best Master Clock Algorithm (BMCA) is not required for determining the Global Time Master. Consequently, the periodic transmission of Pdelay_Req messages by Time Masters and Time Slaves, which is used for latency calculation, can be configured based on the static network topology. If the GlobalTimeTxPdelayReqPeriod is set to a value greater than 0, both Time Masters and Time Slaves will transmit Pdelay_Req messages at the specified interval. However, if it is set to 0, the periodic transmission of these messages can be disabled, as the network's static nature ensures that link delays do not change dynamically.",1,1,1,1,,,,
c_001889,multi_hop_specific,autosar_integrator,"How does the detection of a consistency check error in the Flash Eeprom Emulation (FEE) or Eeprom Abstraction (EA) influence the error recovery mechanisms controlled by the NVRAM Manager, and what specific actions are taken if these recovery mechanisms fail?","When a consistency check error is detected in the Flash Eeprom Emulation (FEE) or Eeprom Abstraction (EA), the NVRAM Manager initiates error recovery mechanisms such as 'read retry', 'read redundant block', and 'read ROM block'. If these recovery mechanisms fail, the NVRAM Manager reports the error NVM_E_REQ_FAILED to the Diagnostic Event Manager (DEM) and sets the job result to NVM_REQ_NOT_OK. Additionally, the error can be polled by the user using the function NvM_GetErrorStatus or reported via configurable callbacks SingleBlockCallbackFunction or MultiBlockCallbackFunction.",1,1,1,1,,,,
c_001307,multi_hop_specific,functional_safety_engineer,How does the CAN State Manager's error reporting to the Default Error Tracer (DET) interact with the communication status notifications to the Communication Manager (ComM) during a mode request timeout?,"When the CAN State Manager detects a mode request timeout, it reports the error to the Default Error Tracer (DET) as a runtime error, specifically CANSM_E_MODE_REQUEST_TIMEOUT. Additionally, the CAN State Manager informs the Communication Manager about the communication status, such as COMM_SILENT_COMMUNICATION, COMM_NO_COMMUNICATION, or COMM_FULL_COMMUNICATION, through the ComM_BusSM_ModeIndication function. This interaction ensures that both the error is logged and the communication status is updated appropriately.",1,1,1,1,,,,
